BIC,num_states
832399.6488953064,1
820350.2803665383,2
