stimulus,previous_response
-1.1622130820817738,-0.05459531398598398
